subspecies;island;site_name;subject_group;image_name;subject_id;workflow_id;task;reducer;data.aggregation_version;presence_no;presence_yes;presence_absence_exp
A. c. venustissimus;Espa–ola;Gardner Islet;Gardner Islet;EGI01-1-2_120.jpg;72332801;20600;T0;question_reducer;4.0.0;23;0;N
A. c. venustissimus;Espa–ola;Gardner Islet;Gardner Islet;EGI01-1-2_121.jpg;72332802;20600;T0;question_reducer;4.0.0;19;1;N
A. c. venustissimus;Espa–ola;Gardner Islet;Gardner Islet;EGI01-2-2_116.jpg;72332876;20600;T0;question_reducer;4.0.0;21;0;N
A. c. venustissimus;Espa–ola;Gardner Islet;Gardner Islet;EGI02-2_114.jpg;72332972;20600;T0;question_reducer;4.0.0;21;0;N
A. c. venustissimus;Espa–ola;Gardner Islet;Gardner Islet;EGI02-2_36.jpg;72332999;20600;T0;question_reducer;4.0.0;19;1;N
A. c. venustissimus;Espa–ola;Gardner Islet;Gardner Islet;EGI02-2_55.jpg;72333006;20600;T0;question_reducer;4.0.0;22;0;N
A. c. venustissimus;Espa–ola;Gardner Islet;Gardner Islet;EGI02-2_87.jpg;72333021;20600;T0;question_reducer;4.0.0;21;0;N
A. c. venustissimus;Espa–ola;Gardner Islet;Gardner Islet;EGI03_48.jpg;72333060;20600;T0;question_reducer;4.0.0;22;0;N
A. c. venustissimus;Espa–ola;Gardner Islet;Gardner Islet;EGI03-2-1_35.jpg;72333108;20600;T0;question_reducer;4.0.0;22;0;N
A. c. venustissimus;Espa–ola;Gardner Islet;Gardner Islet;EGI03-2-2_29.jpg;72333161;20600;T0;question_reducer;4.0.0;21;0;N
A. c. venustissimus;Espa–ola;Gardner Islet;Gardner Islet;EGI04-1_141.jpg;72333244;20600;T0;question_reducer;4.0.0;0;23;Y
A. c. venustissimus;Espa–ola;Gardner Islet;Gardner Islet;EGI04-2_106.jpg;72333316;20600;T0;question_reducer;4.0.0;21;2;N
A. c. venustissimus;Espa–ola;Gardner Islet;Gardner Islet;EGI06-2_61.jpg;72333547;20600;T0;question_reducer;4.0.0;22;0;N
A. c. venustissimus;Espa–ola;Gardner Islet;Gardner Islet;EGI08-1_83.jpg;72333734;20600;T0;question_reducer;4.0.0;22;0;N
A. c. venustissimus;Espa–ola;Gardner Islet;Gardner Islet;EGI08-2_78.jpg;72333835;20600;T0;question_reducer;4.0.0;10;12;Y
A. c. venustissimus;Espa–ola;Gardner Islet;Gardner Islet;EGI09-1_142.jpg;72333880;20600;T0;question_reducer;4.0.0;21;0;N
A. c. venustissimus;Espa–ola;Gardner Islet;Gardner Islet;EGI09-1_153.jpg;72333891;20600;T0;question_reducer;4.0.0;19;2;N
A. c. venustissimus;Espa–ola;Gardner Islet;Gardner Islet;EGI09-1_326.jpg;72334007;20600;T0;question_reducer;4.0.0;22;0;N
A. c. venustissimus;Espa–ola;Gardner Islet;Gardner Islet;EGI09-2_175.jpg;72334078;20600;T0;question_reducer;4.0.0;20;1;N
A. c. venustissimus;Espa–ola;Gardner Islet;Gardner Islet;EGI09-2_488.jpg;72334220;20600;T0;question_reducer;4.0.0;21;0;N
A. c. venustissimus;Espa–ola;Gardner Islet;Gardner Islet;EGI09-3_157.jpg;72334265;20600;T0;question_reducer;4.0.0;20;1;N
A. c. venustissimus;Espa–ola;Gardner Islet;Gardner Islet;EGI09-3_348.jpg;72334346;20600;T0;question_reducer;4.0.0;19;3;N
A. c. venustissimus;Espa–ola;Gardner Islet;Gardner Islet;EGI10-1_146.jpg;72334424;20600;T0;question_reducer;4.0.0;22;0;N
A. c. venustissimus;Espa–ola;Gardner Islet;Gardner Islet;EGI10-1_277.jpg;72334465;20600;T0;question_reducer;4.0.0;21;1;N
A. c. venustissimus;Espa–ola;Gardner Islet;Gardner Islet;EGI10-1_320.jpg;72334495;20600;T0;question_reducer;4.0.0;22;0;N
A. c. venustissimus;Espa–ola;Gardner Islet;Gardner Islet;EGI10-2_114.jpg;72334531;20600;T0;question_reducer;4.0.0;20;1;N
A. c. venustissimus;Espa–ola;Gardner Islet;Gardner Islet;EGI10-2_63.jpg;72334600;20600;T0;question_reducer;4.0.0;22;0;N
A. c. venustissimus;Espa–ola;Gardner Islet;Gardner Islet;EGI10-2_76.jpg;72334605;20600;T0;question_reducer;4.0.0;21;1;N
A. c. venustissimus;Espa–ola;Gardner Islet;Gardner Islet;EGI10-3_255.jpg;72334654;20600;T0;question_reducer;4.0.0;21;0;N
A. c. venustissimus;Espa–ola;Gardner Islet;Gardner Islet;EGI10-3_52.jpg;72334674;20600;T0;question_reducer;4.0.0;18;2;N
A. c. venustissimus;Espa–ola;Gardner Islet;Gardner Islet;EGI11-1_219.jpg;72334727;20600;T0;question_reducer;4.0.0;18;3;N
A. c. venustissimus;Espa–ola;Gardner Islet;Gardner Islet;EGI11-2_395.jpg;72334972;20600;T0;question_reducer;4.0.0;21;0;N
A. c. venustissimus;Espa–ola;Gardner Islet;Gardner Islet;EGI11-2_67.jpg;72335070;20600;T0;question_reducer;4.0.0;22;1;N
A. c. venustissimus;Espa–ola;Gardner Islet;Gardner Islet;EIG05-1_84.jpg;72335125;20600;T0;question_reducer;4.0.0;22;1;N
A. c. venustissimus;Espa–ola;Gardner Islet;Gardner Islet;EPGI07-1_263.jpg;72335251;20600;T0;question_reducer;4.0.0;21;0;N
A. c. venustissimus;Espa–ola;Gardner Islet;Gardner Islet;EPGI07-1_37.jpg;72335266;20600;T0;question_reducer;4.0.0;21;0;N
A. c. venustissimus;Espa–ola;Gardner Islet;Gardner Islet;EPGI07-1_73.jpg;72335285;20600;T0;question_reducer;4.0.0;19;2;N
A. c. venustissimus;Espa–ola;Gardner Islet;Gardner Islet;EPGI07-2_08.jpg;72335303;20600;T0;question_reducer;4.0.0;20;1;N
A. c. venustissimus;Espa–ola;Punta Suarez;Punta Suarez;EPS01_28.jpg;72335422;20600;T0;question_reducer;4.0.0;14;8;Y
A. c. venustissimus;Espa–ola;Punta Suarez;Punta Suarez;EPS01_41.jpg;72335435;20600;T0;question_reducer;4.0.0;5;17;Y
A. c. venustissimus;Espa–ola;Punta Suarez;Punta Suarez;EPS02_108.jpg;72335473;20600;T0;question_reducer;4.0.0;21;1;N
A. c. venustissimus;Espa–ola;Punta Suarez;Punta Suarez;EPS02_208.jpg;72335541;20600;T0;question_reducer;4.0.0;1;21;Y
A. c. venustissimus;Espa–ola;Punta Suarez;Punta Suarez;EPS02_38.jpg;72335546;20600;T0;question_reducer;4.0.0;21;0;N
A. c. venustissimus;Espa–ola;Punta Suarez;Punta Suarez;EPS02_55.jpg;72335554;20600;T0;question_reducer;4.0.0;21;0;N
A. c. venustissimus;Espa–ola;Punta Suarez;Punta Suarez;EPS03_24.jpg;72335585;20600;T0;question_reducer;4.0.0;21;1;N
A. c. venustissimus;Espa–ola;Punta Suarez;Punta Suarez;EPS03_35.jpg;72335594;20600;T0;question_reducer;4.0.0;4;18;Y
A. c. venustissimus;Espa–ola;Punta Suarez;Punta Suarez;EPS03_70.jpg;72335629;20600;T0;question_reducer;4.0.0;0;22;Y
A. c. venustissimus;Espa–ola;Punta Suarez;Punta Suarez;EPS03_75.jpg;72335634;20600;T0;question_reducer;4.0.0;14;8;Y
A. c. venustissimus;Espa–ola;Punta Suarez;Punta Suarez;EPS04-1_136.jpg;72335681;20600;T0;question_reducer;4.0.0;4;16;Y
A. c. venustissimus;Espa–ola;Punta Suarez;Punta Suarez;EPS04-1_149.jpg;72335688;20600;T0;question_reducer;4.0.0;19;2;N
A. c. venustissimus;Espa–ola;Punta Suarez;Punta Suarez;EPS05-1_167.jpg;72335867;20600;T0;question_reducer;4.0.0;21;0;N
A. c. venustissimus;Espa–ola;Punta Suarez;Punta Suarez;EPS05-2_98.jpg;72335930;20600;T0;question_reducer;4.0.0;3;20;Y
A. c. venustissimus;Espa–ola;Punta Suarez;Punta Suarez;EPS06-1_130.jpg;72335960;20600;T0;question_reducer;4.0.0;21;0;N
A. c. venustissimus;Espa–ola;Punta Suarez;Punta Suarez;EPS06-1_157.jpg;72335987;20600;T0;question_reducer;4.0.0;23;0;N
A. c. venustissimus;Espa–ola;Punta Suarez;Punta Suarez;EPS06-1_167.jpg;72335995;20600;T0;question_reducer;4.0.0;20;1;Y
A. c. venustissimus;Espa–ola;Punta Suarez;Punta Suarez;EPS06-2_160.jpg;72336110;20600;T0;question_reducer;4.0.0;5;16;Y
A. c. venustissimus;Espa–ola;Punta Suarez;Punta Suarez;EPS06-2_212.jpg;72336132;20600;T0;question_reducer;4.0.0;3;18;Y
A. c. venustissimus;Espa–ola;Punta Suarez;Punta Suarez;EPS06-2_235.jpg;72336142;20600;T0;question_reducer;4.0.0;0;22;Y
A. c. venustissimus;Espa–ola;Punta Suarez;Punta Suarez;EPS07-1_238.jpg;72336297;20600;T0;question_reducer;4.0.0;0;21;Y
A. c. venustissimus;Espa–ola;Punta Suarez;Punta Suarez;EPS07-1_301.jpg;72336349;20600;T0;question_reducer;4.0.0;1;20;Y
A. c. venustissimus;Espa–ola;Punta Suarez;Punta Suarez;EPS07-1_317.jpg;72336360;20600;T0;question_reducer;4.0.0;20;0;N
A. c. venustissimus;Espa–ola;Punta Suarez;Punta Suarez;EPS07-1_322.jpg;72336365;20600;T0;question_reducer;4.0.0;10;11;Y
A. c. venustissimus;Espa–ola;Punta Suarez;Punta Suarez;EPS07-1_376.jpg;72336404;20600;T0;question_reducer;4.0.0;4;17;Y
A. c. venustissimus;Espa–ola;Punta Suarez;Punta Suarez;EPS07-2_171.jpg;72336460;20600;T0;question_reducer;4.0.0;21;0;N
A. c. venustissimus;Espa–ola;Punta Suarez;Punta Suarez;EPS07-2_260.jpg;72336532;20600;T0;question_reducer;4.0.0;7;14;Y
A. c. venustissimus;Espa–ola;Punta Suarez;Punta Suarez;EPS07-2_293.jpg;72336542;20600;T0;question_reducer;4.0.0;22;0;N
A. c. venustissimus;Espa–ola;Punta Suarez;Punta Suarez;EPS07-2_59.jpg;72336566;20600;T0;question_reducer;4.0.0;19;2;N
A. c. venustissimus;Espa–ola;Punta Suarez;Punta Suarez;EPS08-1_224.jpg;72336687;20600;T0;question_reducer;4.0.0;20;1;N
A. c. venustissimus;Espa–ola;Punta Suarez;Punta Suarez;EPS08-1_289.jpg;72336742;20600;T0;question_reducer;4.0.0;1;20;Y
A. c. venustissimus;Espa–ola;Punta Suarez;Punta Suarez;EPS08-1_351.jpg;72336780;20600;T0;question_reducer;4.0.0;0;21;Y
A. c. venustissimus;Espa–ola;Punta Suarez;Punta Suarez;EPS08-2_230.jpg;72336869;20600;T0;question_reducer;4.0.0;19;3;N
A. c. venustissimus;Espa–ola;Punta Suarez;Punta Suarez;EPS08-2_311.jpg;72336927;20600;T0;question_reducer;4.0.0;13;8;Y
A. c. venustissimus;Espa–ola;Punta Suarez;Punta Suarez;EPS08-2_354.jpg;72336966;20600;T0;question_reducer;4.0.0;21;0;N
A. c. venustissimus;Espa–ola;Punta Suarez;Punta Suarez;EPS08-2_38.jpg;72336992;20600;T0;question_reducer;4.0.0;22;0;N
A. c. venustissimus;Espa–ola;Punta Suarez;Punta Suarez;EPS08-2_390.jpg;72337004;20600;T0;question_reducer;4.0.0;3;19;Y
A. c. venustissimus;Espa–ola;Punta Suarez;Punta Suarez;EPS08-2_469.jpg;72337084;20600;T0;question_reducer;4.0.0;1;21;Y
A. c. venustissimus;Espa–ola;South Coast B;South Coast B;ESCB-2.1-1_06.jpg;72337166;20600;T0;question_reducer;4.0.0;21;0;N
A. c. venustissimus;Espa–ola;South Coast B;South Coast B;ESCB-2.1-1_112.jpg;72337178;20600;T0;question_reducer;4.0.0;21;0;N
A. c. venustissimus;Espa–ola;South Coast B;South Coast B;ESCB-2.1-1_119.jpg;72337185;20600;T0;question_reducer;4.0.0;0;21;Y
A. c. venustissimus;Espa–ola;South Coast B;South Coast B;ESCB-2.1-1_122.jpg;72337188;20600;T0;question_reducer;4.0.0;1;21;Y
A. c. venustissimus;Espa–ola;South Coast B;South Coast B;ESCB-2.1-1_21.jpg;72337194;20600;T0;question_reducer;4.0.0;22;0;N
A. c. venustissimus;Espa–ola;South Coast B;South Coast B;ESCB-2.1-1_24.jpg;72337197;20600;T0;question_reducer;4.0.0;17;3;N
A. c. venustissimus;Espa–ola;South Coast B;South Coast B;ESCB-2.1-1_46.jpg;72337208;20600;T0;question_reducer;4.0.0;20;0;N
A. c. venustissimus;Espa–ola;South Coast B;South Coast B;ESCB-2.1-1_48.jpg;72337210;20600;T0;question_reducer;4.0.0;21;0;N
A. c. venustissimus;Espa–ola;South Coast B;South Coast B;ESCB-2.1-1_65.jpg;72337227;20600;T0;question_reducer;4.0.0;21;1;N
A. c. venustissimus;Espa–ola;South Coast B;South Coast B;ESCB-2.1-1_67.jpg;72337229;20600;T0;question_reducer;4.0.0;16;4;Y
A. c. venustissimus;Espa–ola;South Coast B;South Coast B;ESCB-2.1-1_70.jpg;72337232;20600;T0;question_reducer;4.0.0;21;1;N
A. c. venustissimus;Espa–ola;South Coast B;South Coast B;ESCB-2.1-1_72.jpg;72337234;20600;T0;question_reducer;4.0.0;2;19;Y
A. c. venustissimus;Espa–ola;South Coast B;South Coast B;ESCB-2.1-1_75.jpg;72337237;20600;T0;question_reducer;4.0.0;4;18;Y
A. c. venustissimus;Espa–ola;South Coast B;South Coast B;ESCB-2.1-1_80.jpg;72337242;20600;T0;question_reducer;4.0.0;7;14;Y
A. c. venustissimus;Espa–ola;South Coast B;South Coast B;ESCB-2.1-1_89.jpg;72337251;20600;T0;question_reducer;4.0.0;0;21;Y
A. c. venustissimus;Espa–ola;South Coast B;South Coast B;ESCB-2.1-2_102.jpg;72337264;20600;T0;question_reducer;4.0.0;20;1;N
A. c. venustissimus;Espa–ola;South Coast B;South Coast B;ESCB-2.1-2_105.jpg;72337267;20600;T0;question_reducer;4.0.0;21;0;N
A. c. venustissimus;Espa–ola;South Coast B;South Coast B;ESCB-2.1-2_111.jpg;72337273;20600;T0;question_reducer;4.0.0;8;13;Y
A. c. venustissimus;Espa–ola;South Coast B;South Coast B;ESCB-2.1-2_112.jpg;72337274;20600;T0;question_reducer;4.0.0;20;0;N
A. c. venustissimus;Espa–ola;South Coast B;South Coast B;ESCB-2.1-2_118.jpg;72337280;20600;T0;question_reducer;4.0.0;5;16;Y
A. c. venustissimus;Espa–ola;South Coast B;South Coast B;ESCB-2.1-2_37.jpg;72337295;20600;T0;question_reducer;4.0.0;4;19;Y
A. c. venustissimus;Espa–ola;South Coast B;South Coast B;ESCB-2.1-2_39.jpg;72337297;20600;T0;question_reducer;4.0.0;2;19;Y
A. c. venustissimus;Espa–ola;South Coast B;South Coast B;ESCB-2.1-2_51.jpg;72337309;20600;T0;question_reducer;4.0.0;14;7;Y
A. c. venustissimus;Espa–ola;South Coast B;South Coast B;ESCB-2.1-2_52.jpg;72337310;20600;T0;question_reducer;4.0.0;14;7;N
A. c. venustissimus;Espa–ola;South Coast B;South Coast B;ESCB-2.1-2_59.jpg;72337317;20600;T0;question_reducer;4.0.0;0;22;Y
A. c. venustissimus;Espa–ola;South Coast B;South Coast B;ESCB-2.1-2_70.jpg;72337328;20600;T0;question_reducer;4.0.0;21;0;N
A. c. venustissimus;Espa–ola;South Coast B;South Coast B;ESCB-2.1-2_72.jpg;72337330;20600;T0;question_reducer;4.0.0;21;0;N
A. c. venustissimus;Espa–ola;South Coast B;South Coast B;ESCB-2.1-2_94.jpg;72337352;20600;T0;question_reducer;4.0.0;1;21;Y
A. c. venustissimus;Espa–ola;South Coast B;South Coast B;ESCB-2.1-2_95.jpg;72337353;20600;T0;question_reducer;4.0.0;21;0;N
A. c. venustissimus;Espa–ola;South Coast B;South Coast B;ESCB-2.1-2_98.jpg;72337356;20600;T0;question_reducer;4.0.0;0;21;Y
A. c. venustissimus;Espa–ola;South Coast B;South Coast B;ESCB-2.2-1_19.jpg;72337372;20600;T0;question_reducer;4.0.0;21;0;N
A. c. venustissimus;Espa–ola;South Coast B;South Coast B;ESCB-2.2-1_21.jpg;72337374;20600;T0;question_reducer;4.0.0;19;2;N
A. c. venustissimus;Espa–ola;South Coast B;South Coast B;ESCB-2.2-1_24.jpg;72337377;20600;T0;question_reducer;4.0.0;9;11;Y
A. c. venustissimus;Espa–ola;South Coast B;South Coast B;ESCB-2.2-1_36.jpg;72337389;20600;T0;question_reducer;4.0.0;0;22;Y
A. c. venustissimus;Espa–ola;South Coast B;South Coast B;ESCB-2.2-2_04.jpg;72337396;20600;T0;question_reducer;4.0.0;21;0;N
A. c. venustissimus;Espa–ola;South Coast B;South Coast B;ESCB-2.2-2_11.jpg;72337401;20600;T0;question_reducer;4.0.0;21;0;N
A. c. venustissimus;Espa–ola;South Coast B;South Coast B;ESCB-2.2-2_19.jpg;72337409;20600;T0;question_reducer;4.0.0;20;2;N
A. c. venustissimus;Espa–ola;South Coast B;South Coast B;ESCB-2.2-2_31.jpg;72337421;20600;T0;question_reducer;4.0.0;3;19;Y
A. c. venustissimus;Espa–ola;South Coast F;South Coast F;ESCF01-1_07.jpg;72337425;20600;T0;question_reducer;4.0.0;20;0;N
A. c. venustissimus;Espa–ola;South Coast F;South Coast F;ESCF01-1_103.jpg;72337432;20600;T0;question_reducer;4.0.0;0;21;Y
A. c. venustissimus;Espa–ola;South Coast F;South Coast F;ESCF01-1_110.jpg;72337439;20600;T0;question_reducer;4.0.0;21;2;N
A. c. venustissimus;Espa–ola;South Coast F;South Coast F;ESCF01-1_150.jpg;72337465;20600;T0;question_reducer;4.0.0;1;20;Y
A. c. venustissimus;Espa–ola;South Coast F;South Coast F;ESCF01-1_183.jpg;72337473;20600;T0;question_reducer;4.0.0;7;14;Y
A. c. venustissimus;Espa–ola;South Coast F;South Coast F;ESCF01-1_20.jpg;72337475;20600;T0;question_reducer;4.0.0;21;1;N
A. c. venustissimus;Espa–ola;South Coast F;South Coast F;ESCF01-1_207.jpg;72337476;20600;T0;question_reducer;4.0.0;21;0;N
A. c. venustissimus;Espa–ola;South Coast F;South Coast F;ESCF01-1_22.jpg;72337480;20600;T0;question_reducer;4.0.0;21;1;N
A. c. venustissimus;Espa–ola;South Coast F;South Coast F;ESCF01-1_43.jpg;72337495;20600;T0;question_reducer;4.0.0;21;1;N
A. c. venustissimus;Espa–ola;South Coast F;South Coast F;ESCF01-1_54.jpg;72337506;20600;T0;question_reducer;4.0.0;19;2;N
A. c. venustissimus;Espa–ola;South Coast F;South Coast F;ESCF01-1_55.jpg;72337507;20600;T0;question_reducer;4.0.0;21;0;N
A. c. venustissimus;Espa–ola;South Coast F;South Coast F;ESCF01-1_66.jpg;72337517;20600;T0;question_reducer;4.0.0;5;16;Y
A. c. venustissimus;Espa–ola;South Coast F;South Coast F;ESCF01-1_71.jpg;72337522;20600;T0;question_reducer;4.0.0;11;10;Y
A. c. venustissimus;Espa–ola;South Coast F;South Coast F;ESCF01-1_72.jpg;72337523;20600;T0;question_reducer;4.0.0;21;0;N
A. c. venustissimus;Espa–ola;South Coast F;South Coast F;ESCF01-1_78.jpg;72337529;20600;T0;question_reducer;4.0.0;21;0;N
A. c. venustissimus;Espa–ola;South Coast F;South Coast F;ESCF01-2_04.jpg;72337553;20600;T0;question_reducer;4.0.0;20;1;N
A. c. venustissimus;Espa–ola;South Coast F;South Coast F;ESCF01-2_08.jpg;72337557;20600;T0;question_reducer;4.0.0;0;21;Y
A. c. venustissimus;Espa–ola;South Coast F;South Coast F;ESCF01-2_21.jpg;72337565;20600;T0;question_reducer;4.0.0;0;22;Y
A. c. venustissimus;Espa–ola;South Coast F;South Coast F;ESCF01-2_24.jpg;72337568;20600;T0;question_reducer;4.0.0;0;21;Y
A. c. venustissimus;Espa–ola;South Coast F;South Coast F;ESCF01-2_30.jpg;72337571;20600;T0;question_reducer;4.0.0;11;10;Y
A. c. venustissimus;Espa–ola;South Coast F;South Coast F;ESCF01-2_33.jpg;72337574;20600;T0;question_reducer;4.0.0;11;11;Y
A. c. venustissimus;Espa–ola;South Coast F;South Coast F;ESCF01-2_40.jpg;72337581;20600;T0;question_reducer;4.0.0;9;12;Y
A. c. venustissimus;Espa–ola;South Coast F;South Coast F;ESCF01-2_63.jpg;72337602;20600;T0;question_reducer;4.0.0;22;0;N
A. c. venustissimus;Espa–ola;South Coast F;South Coast F;ESCF01-2_65.jpg;72337604;20600;T0;question_reducer;4.0.0;1;20;Y
A. c. venustissimus;Espa–ola;South Coast F;South Coast F;ESCF01-3_107.jpg;72337618;20600;T0;question_reducer;4.0.0;20;1;N
A. c. venustissimus;Espa–ola;South Coast F;South Coast F;ESCF01-3_123.jpg;72337633;20600;T0;question_reducer;4.0.0;22;0;N
A. c. venustissimus;Espa–ola;South Coast F;South Coast F;ESCF01-3_168.jpg;72337675;20600;T0;question_reducer;4.0.0;21;1;N
A. c. venustissimus;Espa–ola;South Coast F;South Coast F;ESCF01-3_176.jpg;72337679;20600;T0;question_reducer;4.0.0;14;8;Y
A. c. venustissimus;Espa–ola;South Coast F;South Coast F;ESCF01-3_177.jpg;72337680;20600;T0;question_reducer;4.0.0;18;2;N
A. c. venustissimus;Espa–ola;South Coast F;South Coast F;ESCF01-3_226.jpg;72337711;20600;T0;question_reducer;4.0.0;20;1;N
A. c. venustissimus;Espa–ola;South Coast F;South Coast F;ESCF01-3_40.jpg;72337721;20600;T0;question_reducer;4.0.0;21;0;Y
A. c. venustissimus;Espa–ola;South Coast F;South Coast F;ESCF01-3_48.jpg;72337729;20600;T0;question_reducer;4.0.0;21;0;N
A. c. venustissimus;Espa–ola;South Coast F;South Coast F;ESCF01-3_49.jpg;72337730;20600;T0;question_reducer;4.0.0;20;1;N
A. c. venustissimus;Espa–ola;South Coast F;South Coast F;ESCF01-3_57.jpg;72337738;20600;T0;question_reducer;4.0.0;21;0;N
A. c. venustissimus;Espa–ola;South Coast F;South Coast F;ESCF01-3_77.jpg;72337757;20600;T0;question_reducer;4.0.0;21;1;N
A. c. venustissimus;Espa–ola;South Coast F;South Coast F;ESCF01-3_82.jpg;72337762;20600;T0;question_reducer;4.0.0;21;0;N
A. c. venustissimus;Espa–ola;South Coast F;South Coast F;ESCF01-3_94.jpg;72337774;20600;T0;question_reducer;4.0.0;21;0;N
A. c. venustissimus;Espa–ola;South Coast F;South Coast F;ESCF01-3_97.jpg;72337777;20600;T0;question_reducer;4.0.0;22;1;N
A. c. venustissimus;Espa–ola;South Coast H;South Coast H;ESCH01-1_28.jpg;72337802;20600;T0;question_reducer;4.0.0;1;21;Y
A. c. venustissimus;Espa–ola;South Coast H;South Coast H;ESCH01-2_122.jpg;72337813;20600;T0;question_reducer;4.0.0;4;17;Y
A. c. venustissimus;Espa–ola;South Coast H;South Coast H;ESCH01-2_128.jpg;72337819;20600;T0;question_reducer;4.0.0;2;19;Y
A. c. venustissimus;Espa–ola;South Coast H;South Coast H;ESCH01-2_152.jpg;72337826;20600;T0;question_reducer;4.0.0;7;14;Y
A. c. venustissimus;Espa–ola;South Coast H;South Coast H;ESCH01-2_180.jpg;72337834;20600;T0;question_reducer;4.0.0;8;13;Y
A. c. venustissimus;Espa–ola;South Coast H;South Coast H;ESCH01-2_181.jpg;72337835;20600;T0;question_reducer;4.0.0;14;7;Y
A. c. venustissimus;Espa–ola;South Coast H;South Coast H;ESCH01-2_215.jpg;72337847;20600;T0;question_reducer;4.0.0;18;2;Y
A. c. venustissimus;Espa–ola;South Coast H;South Coast H;ESCH01-2_216.jpg;72337848;20600;T0;question_reducer;4.0.0;21;0;N
A. c. venustissimus;Espa–ola;South Coast H;South Coast H;ESCH01-2_248.jpg;72337854;20600;T0;question_reducer;4.0.0;20;1;N
A. c. venustissimus;Espa–ola;South Coast H;South Coast H;ESCH01-2_370.jpg;72337871;20600;T0;question_reducer;4.0.0;0;21;Y
A. c. venustissimus;Espa–ola;South Coast H;South Coast H;ESCH01-3_185.jpg;72337926;20600;T0;question_reducer;4.0.0;2;19;Y
A. c. venustissimus;Espa–ola;South Coast H;South Coast H;ESCH01-3_293.jpg;72337933;20600;T0;question_reducer;4.0.0;4;19;Y
A. c. venustissimus;Espa–ola;South Coast H;South Coast H;ESCH01-3_365.jpg;72337937;20600;T0;question_reducer;4.0.0;8;13;Y
A. c. venustissimus;Espa–ola;South Coast H;South Coast H;ESCH01-3_37.jpg;72337938;20600;T0;question_reducer;4.0.0;3;18;Y
A. c. venustissimus;Espa–ola;South Coast H;South Coast H;ESCH01-3_71.jpg;72337953;20600;T0;question_reducer;4.0.0;18;3;Y
A. c. venustissimus;Espa–ola;South Coast H;South Coast H;ESCH02-1_112.jpg;72337968;20600;T0;question_reducer;4.0.0;0;20;Y
A. c. venustissimus;Espa–ola;South Coast H;South Coast H;ESCH02-1_141.jpg;72337980;20600;T0;question_reducer;4.0.0;0;23;Y
A. c. venustissimus;Espa–ola;South Coast H;South Coast H;ESCH02-1_15.jpg;72337989;20600;T0;question_reducer;4.0.0;21;0;N
A. c. venustissimus;Espa–ola;South Coast H;South Coast H;ESCH02-1_233.jpg;72338030;20600;T0;question_reducer;4.0.0;21;0;N
A. c. venustissimus;Espa–ola;South Coast H;South Coast H;ESCH02-1_235.jpg;72338032;20600;T0;question_reducer;4.0.0;20;1;N
A. c. venustissimus;Espa–ola;South Coast H;South Coast H;ESCH02-1_241.jpg;72338038;20600;T0;question_reducer;4.0.0;22;0;N
A. c. venustissimus;Espa–ola;South Coast H;South Coast H;ESCH02-1_243.jpg;72338040;20600;T0;question_reducer;4.0.0;6;14;Y
A. c. venustissimus;Espa–ola;South Coast H;South Coast H;ESCH02-1_246.jpg;72338043;20600;T0;question_reducer;4.0.0;7;15;Y
A. c. venustissimus;Espa–ola;South Coast H;South Coast H;ESCH02-1_296.jpg;72338081;20600;T0;question_reducer;4.0.0;21;0;N
A. c. venustissimus;Espa–ola;South Coast H;South Coast H;ESCH02-1_318.jpg;72338100;20600;T0;question_reducer;4.0.0;21;0;N
A. c. venustissimus;Espa–ola;South Coast H;South Coast H;ESCH02-1_350.jpg;72338126;20600;T0;question_reducer;4.0.0;0;21;Y
A. c. venustissimus;Espa–ola;South Coast H;South Coast H;ESCH02-1_382.jpg;72338147;20600;T0;question_reducer;4.0.0;19;2;N
A. c. venustissimus;Espa–ola;South Coast H;South Coast H;ESCH02-1_386.jpg;72338150;20600;T0;question_reducer;4.0.0;18;3;N
A. c. venustissimus;Espa–ola;South Coast H;South Coast H;ESCH02-1_417.jpg;72338164;20600;T0;question_reducer;4.0.0;19;2;N
A. c. venustissimus;Espa–ola;South Coast H;South Coast H;ESCH02-1_439.jpg;72338173;20600;T0;question_reducer;4.0.0;21;0;N
A. c. venustissimus;Espa–ola;South Coast H;South Coast H;ESCH02-1_472.jpg;72338188;20600;T0;question_reducer;4.0.0;9;12;Y
A. c. venustissimus;Espa–ola;South Coast H;South Coast H;ESCH02-1_533.jpg;72338202;20600;T0;question_reducer;4.0.0;20;1;N
A. c. venustissimus;Espa–ola;South Coast H;South Coast H;ESCH02-1_534.jpg;72338203;20600;T0;question_reducer;4.0.0;6;16;Y
A. c. venustissimus;Espa–ola;South Coast H;South Coast H;ESCH02-2_18.jpg;72338234;20600;T0;question_reducer;4.0.0;21;1;N
A. c. venustissimus;Espa–ola;South Coast H;South Coast H;ESCH02-2_19.jpg;72338235;20600;T0;question_reducer;4.0.0;22;0;N
A. c. venustissimus;Espa–ola;South Coast H;South Coast H;ESCH02-2_37.jpg;72338250;20600;T0;question_reducer;4.0.0;20;1;N
A. c. venustissimus;Espa–ola;South Coast H;South Coast H;ESCH02-2_49.jpg;72338262;20600;T0;question_reducer;4.0.0;21;0;N
A. c. venustissimus;Espa–ola;South Coast H;South Coast H;ESCH02-2_72.jpg;72338285;20600;T0;question_reducer;4.0.0;20;1;N
A. c. venustissimus;Floreana;Montura;Montura;FMO01_36.jpg;72338335;20600;T0;question_reducer;4.0.0;21;0;N
A. c. venustissimus;Floreana;Montura;Montura;FMO01_56.jpg;72338347;20600;T0;question_reducer;4.0.0;20;1;N
A. c. venustissimus;Floreana;Montura;Montura;FMO01_83.jpg;72338369;20600;T0;question_reducer;4.0.0;3;18;Y
A. c. venustissimus;Floreana;Montura;Montura;FMO01_91.jpg;72338377;20600;T0;question_reducer;4.0.0;22;0;N
A. c. venustissimus;Floreana;Montura;Montura;FMO02-1_100.jpg;72338386;20600;T0;question_reducer;4.0.0;16;5;Y
A. c. venustissimus;Floreana;Montura;Montura;FMO02-1_122.jpg;72338407;20600;T0;question_reducer;4.0.0;21;0;N
A. c. venustissimus;Floreana;Montura;Montura;FMO02-1_142.jpg;72338426;20600;T0;question_reducer;4.0.0;21;0;N
A. c. venustissimus;Floreana;Montura;Montura;FMO02-1_150.jpg;72338433;20600;T0;question_reducer;4.0.0;21;0;N
A. c. venustissimus;Floreana;Montura;Montura;FMO02-1_158.jpg;72338441;20600;T0;question_reducer;4.0.0;20;2;Y
A. c. venustissimus;Floreana;Montura;Montura;FMO02-2_101.jpg;72338484;20600;T0;question_reducer;4.0.0;21;0;N
A. c. venustissimus;Floreana;Montura;Montura;FMO02-2_131.jpg;72338511;20600;T0;question_reducer;4.0.0;21;0;N
A. c. venustissimus;Floreana;Montura;Montura;FMO02-2_157.jpg;72338536;20600;T0;question_reducer;4.0.0;21;0;N
A. c. venustissimus;Floreana;Montura;Montura;FMO02-2_81.jpg;72338573;20600;T0;question_reducer;4.0.0;19;1;N
A. c. venustissimus;Floreana;Montura;Montura;FMO03-1_27.jpg;72338596;20600;T0;question_reducer;4.0.0;16;4;N
A. c. venustissimus;Floreana;Montura;Montura;FMO03-1_65.jpg;72338628;20600;T0;question_reducer;4.0.0;1;20;Y
A. c. venustissimus;Floreana;Montura;Montura;FMO03-1_72.jpg;72338635;20600;T0;question_reducer;4.0.0;1;19;Y
A. c. venustissimus;Floreana;Montura;Montura;FMO04-1_101.jpg;72338709;20600;T0;question_reducer;4.0.0;4;16;Y
A. c. venustissimus;Floreana;Montura;Montura;FMO04-1_37.jpg;72338729;20600;T0;question_reducer;4.0.0;22;0;N
A. c. venustissimus;Floreana;Montura;Montura;FMO04-1_53.jpg;72338735;20600;T0;question_reducer;4.0.0;21;0;N
A. c. venustissimus;Floreana;Montura;Montura;FMO04-1_54.jpg;72338736;20600;T0;question_reducer;4.0.0;20;0;N
A. c. venustissimus;Floreana;Montura;Montura;FMO04-2_15.jpg;72338772;20600;T0;question_reducer;4.0.0;20;1;N
A. c. venustissimus;Floreana;Montura;Montura;FMO04-2_25.jpg;72338779;20600;T0;question_reducer;4.0.0;21;0;N
A. c. venustissimus;Floreana;Montura;Montura;FMO04-2_32.jpg;72338785;20600;T0;question_reducer;4.0.0;21;0;N
A. c. venustissimus;Floreana;Montura;Montura;FMO04-2_38.jpg;72338789;20600;T0;question_reducer;4.0.0;2;19;Y
A. c. venustissimus;Floreana;Montura;Montura;FMO05-1_103.jpg;72338799;20600;T0;question_reducer;4.0.0;0;21;Y
A. c. venustissimus;Floreana;Montura;Montura;FMO05-1_110.jpg;72338806;20600;T0;question_reducer;4.0.0;23;0;N
A. c. venustissimus;Floreana;Montura;Montura;FMO05-1_123.jpg;72338811;20600;T0;question_reducer;4.0.0;21;0;N
A. c. venustissimus;Floreana;Montura;Montura;FMO05-1_62.jpg;72338870;20600;T0;question_reducer;4.0.0;3;19;Y
A. c. venustissimus;Floreana;Montura;Montura;FMO05-1_76.jpg;72338878;20600;T0;question_reducer;4.0.0;0;21;Y
A. c. venustissimus;Floreana;Montura;Montura;FMO05-2_07.jpg;72338894;20600;T0;question_reducer;4.0.0;0;22;Y
A. c. venustissimus;Floreana;Montura;Montura;FMO05-2_157.jpg;72338927;20600;T0;question_reducer;4.0.0;1;21;Y
A. c. venustissimus;Floreana;Montura;Montura;FMO06_185.jpg;72339017;20600;T0;question_reducer;4.0.0;3;18;Y
A. c. venustissimus;Floreana;Montura;Montura;FMO06_194.jpg;72339022;20600;T0;question_reducer;4.0.0;2;19;Y
A. c. venustissimus;Floreana;Montura;Montura;FMO06_206.jpg;72339029;20600;T0;question_reducer;4.0.0;0;22;Y
A. c. venustissimus;Floreana;Montura;Montura;FMO06_25.jpg;72339035;20600;T0;question_reducer;4.0.0;19;1;N
A. c. venustissimus;Floreana;Montura;Montura;FMO06_45.jpg;72339049;20600;T0;question_reducer;4.0.0;2;19;Y
A. c. venustissimus;Floreana;Montura;Montura;FMO06_48.jpg;72339052;20600;T0;question_reducer;4.0.0;20;1;N
A. c. venustissimus;Floreana;Montura;Montura;FMO06_76.jpg;72339066;20600;T0;question_reducer;4.0.0;21;0;N
A. c. venustissimus;Floreana;Punta Ayora;Punta Ayora;FPA01_149.jpg;72339097;20600;T0;question_reducer;4.0.0;21;1;N
A. c. venustissimus;Floreana;Punta Ayora;Punta Ayora;FPA01_47.jpg;72339123;20600;T0;question_reducer;4.0.0;20;1;N
A. c. venustissimus;Floreana;Punta Ayora;Punta Ayora;FPA01_75.jpg;72339137;20600;T0;question_reducer;4.0.0;21;0;N
A. c. venustissimus;Floreana;Punta Ayora;Punta Ayora;FPA02_132.jpg;72339156;20600;T0;question_reducer;4.0.0;19;2;N
A. c. venustissimus;Floreana;Punta Ayora;Punta Ayora;FPA02_162.jpg;72339166;20600;T0;question_reducer;4.0.0;18;2;N
A. c. venustissimus;Floreana;Punta Ayora;Punta Ayora;FPA02_185.jpg;72339172;20600;T0;question_reducer;4.0.0;20;2;N
A. c. venustissimus;Floreana;Punta Ayora;Punta Ayora;FPA02_207.jpg;72339180;20600;T0;question_reducer;4.0.0;22;0;N
A. c. venustissimus;Floreana;Punta Ayora;Punta Ayora;FPA02_214.jpg;72339187;20600;T0;question_reducer;4.0.0;22;0;N
A. c. venustissimus;Floreana;Punta Ayora;Punta Ayora;FPA02_249.jpg;72339211;20600;T0;question_reducer;4.0.0;20;1;N
A. c. venustissimus;Floreana;Punta Ayora;Punta Ayora;FPA02_259.jpg;72339220;20600;T0;question_reducer;4.0.0;21;0;N
A. c. venustissimus;Floreana;Punta Ayora;Punta Ayora;FPA02_267.jpg;72339223;20600;T0;question_reducer;4.0.0;19;2;N
A. c. venustissimus;Floreana;Punta Ayora;Punta Ayora;FPA02_295.jpg;72339244;20600;T0;question_reducer;4.0.0;7;14;Y
A. c. venustissimus;Floreana;Punta Ayora;Punta Ayora;FPA02_302.jpg;72339249;20600;T0;question_reducer;4.0.0;22;0;N
A. c. venustissimus;Floreana;Punta Ayora;Punta Ayora;FPA02_316.jpg;72339263;20600;T0;question_reducer;4.0.0;20;1;N
A. c. venustissimus;Floreana;Punta Ayora;Punta Ayora;FPA02_343.jpg;72339278;20600;T0;question_reducer;4.0.0;21;0;N
A. c. venustissimus;Floreana;Punta Ayora;Punta Ayora;FPA02_397.jpg;72339305;20600;T0;question_reducer;4.0.0;19;1;N
A. c. venustissimus;Floreana;Punta Ayora;Punta Ayora;FPA02_399.jpg;72339307;20600;T0;question_reducer;4.0.0;21;1;N
A. c. venustissimus;Floreana;Punta Ayora;Punta Ayora;FPA02_409.jpg;72339313;20600;T0;question_reducer;4.0.0;22;0;N
A. c. venustissimus;Floreana;Punta Ayora;Punta Ayora;FPA02_444.jpg;72339335;20600;T0;question_reducer;4.0.0;23;0;N
A. c. venustissimus;Floreana;Punta Ayora;Punta Ayora;FPA02_487.jpg;72339353;20600;T0;question_reducer;4.0.0;23;0;N
A. c. venustissimus;Floreana;Punta Ayora;Punta Ayora;FPA02_495.jpg;72339356;20600;T0;question_reducer;4.0.0;22;0;N
A. c. venustissimus;Floreana;Punta Ayora;Punta Ayora;FPA02_544.jpg;72339382;20600;T0;question_reducer;4.0.0;18;4;N
A. c. venustissimus;Floreana;Punta Ayora;Punta Ayora;FPA02_550.jpg;72339388;20600;T0;question_reducer;4.0.0;21;0;N
A. c. venustissimus;Floreana;Punta Ayora;Punta Ayora;FPA02_554.jpg;72339390;20600;T0;question_reducer;4.0.0;21;0;N
A. c. venustissimus;Floreana;Punta Ayora;Punta Ayora;FPA02_578.jpg;72339410;20600;T0;question_reducer;4.0.0;11;10;Y
A. c. venustissimus;Floreana;South Coast A;South Coast A;FSCA01-1_12.jpg;72339413;20600;T0;question_reducer;4.0.0;21;0;N
A. c. venustissimus;Floreana;Punta Ayora;Punta Ayora;FPA02_584.jpg;72339416;20600;T0;question_reducer;4.0.0;22;0;N
A. c. venustissimus;Floreana;Punta Ayora;Punta Ayora;FPA03_15.jpg;72339500;20600;T0;question_reducer;4.0.0;21;0;N
A. c. venustissimus;Floreana;Punta Ayora;Punta Ayora;FPA03_54.jpg;72339561;20600;T0;question_reducer;4.0.0;1;20;Y
A. c. venustissimus;Floreana;South Coast A;South Coast A;FSCA01-2_18.jpg;72339565;20600;T0;question_reducer;4.0.0;4;18;Y
A. c. venustissimus;Floreana;South Coast A;South Coast A;FSCA01-2_39.jpg;72339596;20600;T0;question_reducer;4.0.0;3;19;Y
A. c. venustissimus;Floreana;South Coast A;South Coast A;FSCA01-2_67.jpg;72339620;20600;T0;question_reducer;4.0.0;20;2;N
A. c. venustissimus;Floreana;Punta Ayora;Punta Ayora;FPA04_115.jpg;72339636;20600;T0;question_reducer;4.0.0;22;0;N
A. c. venustissimus;Floreana;Punta Ayora;Punta Ayora;FPA04_139.jpg;72339655;20600;T0;question_reducer;4.0.0;1;21;Y
A. c. venustissimus;Floreana;South Coast A;South Coast A;FSCA02-1_105.jpg;72339661;20600;T0;question_reducer;4.0.0;3;19;Y
A. c. venustissimus;Floreana;Punta Ayora;Punta Ayora;FPA04_151.jpg;72339662;20600;T0;question_reducer;4.0.0;0;21;Y
A. c. venustissimus;Floreana;South Coast A;South Coast A;FSCA02-1_171.jpg;72339737;20600;T0;question_reducer;4.0.0;6;16;Y
A. c. venustissimus;Floreana;Punta Ayora;Punta Ayora;FPA04_67.jpg;72339744;20600;T0;question_reducer;4.0.0;6;16;Y
A. c. venustissimus;Floreana;Punta Ayora;Punta Ayora;FPA04_74.jpg;72339756;20600;T0;question_reducer;4.0.0;21;0;N
A. c. venustissimus;Floreana;South Coast A;South Coast A;FSCA02-1_62.jpg;72339801;20600;T0;question_reducer;4.0.0;7;13;Y
A. c. venustissimus;Floreana;Punta Ayora;Punta Ayora;FPA05-1_145.jpg;72339816;20600;T0;question_reducer;4.0.0;21;0;N
A. c. venustissimus;Floreana;South Coast A;South Coast A;FSCA02-1_73.jpg;72339817;20600;T0;question_reducer;4.0.0;2;19;Y
A. c. venustissimus;Floreana;Punta Ayora;Punta Ayora;FPA05-1_180.jpg;72339837;20600;T0;question_reducer;4.0.0;21;0;N
A. c. venustissimus;Floreana;South Coast A;South Coast A;FSCA02-2_67.jpg;72339900;20600;T0;question_reducer;4.0.0;10;11;Y
A. c. venustissimus;Floreana;Punta Ayora;Punta Ayora;FPA05-1_402.jpg;72339905;20600;T0;question_reducer;4.0.0;21;0;N
A. c. venustissimus;Floreana;South Coast A;South Coast A;FSCA03-1_100.jpg;72339928;20600;T0;question_reducer;4.0.0;22;0;N
A. c. venustissimus;Floreana;Punta Ayora;Punta Ayora;FPA05-2_104.jpg;72339933;20600;T0;question_reducer;4.0.0;21;1;N
A. c. venustissimus;Floreana;South Coast A;South Coast A;FSCA03-1_136.jpg;72339971;20600;T0;question_reducer;4.0.0;19;2;N
A. c. venustissimus;Floreana;South Coast A;South Coast A;FSCA03-1_181.jpg;72340007;20600;T0;question_reducer;4.0.0;22;0;N
A. c. venustissimus;Floreana;Punta Ayora;Punta Ayora;FPA05-2_79.jpg;72340082;20600;T0;question_reducer;4.0.0;21;0;N
A. c. venustissimus;Floreana;South Coast A;South Coast A;FSCA03-1_235.jpg;72340083;20600;T0;question_reducer;4.0.0;20;1;N
A. c. venustissimus;Floreana;South Coast A;South Coast A;FSCA03-1_44.jpg;72340151;20600;T0;question_reducer;4.0.0;21;0;N
A. c. venustissimus;Floreana;South Coast A;South Coast A;FSCA03-1_49.jpg;72340152;20600;T0;question_reducer;4.0.0;22;1;N
A. c. venustissimus;Floreana;South Coast A;South Coast A;FSCA03-1_85.jpg;72340178;20600;T0;question_reducer;4.0.0;21;0;N
A. c. venustissimus;Floreana;South Coast E;South Coast E;FSCE-1.1-1_31.jpg;72340214;20600;T0;question_reducer;4.0.0;22;0;N
A. c. venustissimus;Floreana;South Coast E;South Coast E;FSCE-1.1-1_46.jpg;72340228;20600;T0;question_reducer;4.0.0;21;1;N
A. c. venustissimus;Floreana;South Coast E;South Coast E;FSCE-1.1-1_50.jpg;72340236;20600;T0;question_reducer;4.0.0;21;1;N
A. c. venustissimus;Floreana;South Coast A;South Coast A;FSCA03-2_132.jpg;72340245;20600;T0;question_reducer;4.0.0;22;0;Y
A. c. venustissimus;Floreana;South Coast E;South Coast E;FSCE-1.1-1_55.jpg;72340246;20600;T0;question_reducer;4.0.0;22;0;N
A. c. venustissimus;Floreana;South Coast A;South Coast A;FSCA03-2_144.jpg;72340255;20600;T0;question_reducer;4.0.0;15;7;Y
A. c. venustissimus;Floreana;South Coast E;South Coast E;FSCE-1.1-1_69.jpg;72340273;20600;T0;question_reducer;4.0.0;1;20;Y
A. c. venustissimus;Floreana;South Coast E;South Coast E;FSCE-1.1-1_74.jpg;72340283;20600;T0;question_reducer;4.0.0;23;0;N
A. c. venustissimus;Floreana;South Coast E;South Coast E;FSCE-1.1-1_76.jpg;72340287;20600;T0;question_reducer;4.0.0;14;7;Y
A. c. venustissimus;Floreana;South Coast E;South Coast E;FSCE-1.1-1_91.jpg;72340311;20600;T0;question_reducer;4.0.0;20;1;N
A. c. venustissimus;Floreana;South Coast E;South Coast E;FSCE-1.1-1_96.jpg;72340320;20600;T0;question_reducer;4.0.0;18;3;N
A. c. venustissimus;Floreana;South Coast E;South Coast E;FSCE-1.1-2_16.jpg;72340334;20600;T0;question_reducer;4.0.0;21;0;N
A. c. venustissimus;Floreana;South Coast E;South Coast E;FSCE-1.1-2_18.jpg;72340338;20600;T0;question_reducer;4.0.0;22;0;N
A. c. venustissimus;Floreana;South Coast A;South Coast A;FSCA03-2_32.jpg;72340341;20600;T0;question_reducer;4.0.0;20;0;N
A. c. venustissimus;Floreana;South Coast E;South Coast E;FSCE-1.1-2_23.jpg;72340348;20600;T0;question_reducer;4.0.0;21;0;N
A. c. venustissimus;Floreana;South Coast E;South Coast E;FSCE-1.1-2_25.jpg;72340352;20600;T0;question_reducer;4.0.0;21;0;N
A. c. venustissimus;Floreana;South Coast E;South Coast E;FSCE-1.1-2_29.jpg;72340360;20600;T0;question_reducer;4.0.0;21;0;N
A. c. venustissimus;Floreana;South Coast A;South Coast A;FSCA03-2_75.jpg;72340377;20600;T0;question_reducer;4.0.0;21;1;N
A. c. venustissimus;Floreana;South Coast E;South Coast E;FSCE-1.1-2_50.jpg;72340402;20600;T0;question_reducer;4.0.0;19;1;N
A. c. venustissimus;Floreana;South Coast A;South Coast A;FSCA04_110.jpg;72340414;20600;T0;question_reducer;4.0.0;21;0;N
A. c. venustissimus;Floreana;South Coast A;South Coast A;FSCA04_120.jpg;72340425;20600;T0;question_reducer;4.0.0;10;12;Y
A. c. venustissimus;Floreana;South Coast E;South Coast E;FSCE-1.1-2_72.jpg;72340444;20600;T0;question_reducer;4.0.0;1;20;Y
A. c. venustissimus;Floreana;South Coast E;South Coast E;FSCE-1.1-2_79.jpg;72340458;20600;T0;question_reducer;4.0.0;18;3;N
A. c. venustissimus;Floreana;South Coast E;South Coast E;FSCE-1.1-2_89.jpg;72340460;20600;T0;question_reducer;4.0.0;19;1;N
A. c. venustissimus;Floreana;South Coast E;South Coast E;FSCE-1.1-2_94.jpg;72340469;20600;T0;question_reducer;4.0.0;19;2;Y
A. c. venustissimus;Floreana;South Coast E;South Coast E;FSCE-1.2-1_14.jpg;72340476;20600;T0;question_reducer;4.0.0;7;14;Y
A. c. venustissimus;Floreana;South Coast E;South Coast E;FSCE-1.2-1_19.jpg;72340485;20600;T0;question_reducer;4.0.0;21;0;N
A. c. venustissimus;Floreana;South Coast E;South Coast E;FSCE-1.2-1_51.jpg;72340532;20600;T0;question_reducer;4.0.0;4;17;Y
A. c. venustissimus;Floreana;South Coast E;South Coast E;FSCE-1.2-1_56.jpg;72340542;20600;T0;question_reducer;4.0.0;1;20;Y
A. c. venustissimus;Floreana;South Coast E;South Coast E;FSCE-1.2-2_14.jpg;72340557;20600;T0;question_reducer;4.0.0;19;2;N
A. c. venustissimus;Floreana;South Coast A;South Coast A;FSCA04_227.jpg;72340561;20600;T0;question_reducer;4.0.0;22;0;N
A. c. venustissimus;Floreana;South Coast E;South Coast E;FSCE-1.2-2_18.jpg;72340564;20600;T0;question_reducer;4.0.0;16;5;Y
A. c. venustissimus;Floreana;South Coast E;South Coast E;FSCE-1.2-2_19.jpg;72340565;20600;T0;question_reducer;4.0.0;20;3;N
A. c. venustissimus;Floreana;South Coast E;South Coast E;FSCE-1.2-2_30.jpg;72340589;20600;T0;question_reducer;4.0.0;20;1;N
A. c. venustissimus;Floreana;South Coast E;South Coast E;FSCE-1.2-2_33.jpg;72340594;20600;T0;question_reducer;4.0.0;11;10;Y
A. c. venustissimus;Floreana;South Coast A;South Coast A;FSCA04_272.jpg;72340605;20600;T0;question_reducer;4.0.0;21;0;N
A. c. venustissimus;Floreana;South Coast E;South Coast E;FSCE-1.2-2_41.jpg;72340609;20600;T0;question_reducer;4.0.0;7;14;Y
A. c. venustissimus;Floreana;South Coast E;South Coast E;FSCE-1.2-2_43.jpg;72340613;20600;T0;question_reducer;4.0.0;7;15;Y
A. c. venustissimus;Floreana;South Coast E;South Coast E;FSCE-1.2-2_45.jpg;72340617;20600;T0;question_reducer;4.0.0;9;12;Y
A. c. venustissimus;Floreana;South Coast E;South Coast E;FSCE-1.2-2_47.jpg;72340621;20600;T0;question_reducer;4.0.0;13;7;Y
A. c. venustissimus;Floreana;South Coast E;South Coast E;FSCE-1.2-2_52.jpg;72340632;20600;T0;question_reducer;4.0.0;21;0;N
A. c. venustissimus;Floreana;South Coast E;South Coast E;FSCE-1.2-2_54.jpg;72340641;20600;T0;question_reducer;4.0.0;19;2;Y
A. c. venustissimus;Floreana;South Coast A;South Coast A;FSCA04_315.jpg;72340642;20600;T0;question_reducer;4.0.0;20;1;N
A. c. venustissimus;Floreana;South Coast E;South Coast E;FSCE-1.2-2_56.jpg;72340647;20600;T0;question_reducer;4.0.0;2;19;Y
A. c. venustissimus;Floreana;South Coast E;South Coast E;FSCE-1.2-2_58.jpg;72340652;20600;T0;question_reducer;4.0.0;15;5;Y
A. c. venustissimus;Floreana;South Coast E;South Coast E;FSCE-1.2-2_61.jpg;72340657;20600;T0;question_reducer;4.0.0;11;10;Y
A. c. venustissimus;Floreana;South Coast E;South Coast E;FSCE-1.2-2_65.jpg;72340662;20600;T0;question_reducer;4.0.0;21;1;N
A. c. venustissimus;Floreana;South Coast A;South Coast A;FSCA05-1_105.jpg;72340708;20600;T0;question_reducer;4.0.0;21;0;N
A. c. venustissimus;Floreana;South Coast A;South Coast A;FSCA05-1_108.jpg;72340711;20600;T0;question_reducer;4.0.0;21;0;N
A. c. venustissimus;Floreana;South Coast A;South Coast A;FSCA05-1_194.jpg;72340748;20600;T0;question_reducer;4.0.0;22;0;N
A. c. venustissimus;Floreana;South Coast I;South Coast I;FSCI01-1_114.jpg;72340774;20600;T0;question_reducer;4.0.0;21;0;N
A. c. venustissimus;Floreana;South Coast A;South Coast A;FSCA05-1_47.jpg;72340800;20600;T0;question_reducer;4.0.0;21;1;N
A. c. venustissimus;Floreana;South Coast I;South Coast I;FSCI01-1_131.jpg;72340808;20600;T0;question_reducer;4.0.0;0;21;Y
A. c. venustissimus;Floreana;South Coast A;South Coast A;FSCA05-1_72.jpg;72340817;20600;T0;question_reducer;4.0.0;22;0;N
A. c. venustissimus;Floreana;South Coast A;South Coast A;FSCA05-1_73.jpg;72340819;20600;T0;question_reducer;4.0.0;21;0;N
A. c. venustissimus;Floreana;South Coast I;South Coast I;FSCI01-1_147.jpg;72340833;20600;T0;question_reducer;4.0.0;22;0;N
A. c. venustissimus;Floreana;South Coast I;South Coast I;FSCI01-1_148.jpg;72340835;20600;T0;question_reducer;4.0.0;21;0;N
A. c. venustissimus;Floreana;South Coast I;South Coast I;FSCI01-1_150.jpg;72340838;20600;T0;question_reducer;4.0.0;12;10;Y
A. c. venustissimus;Floreana;South Coast A;South Coast A;FSCA05-1_88.jpg;72340842;20600;T0;question_reducer;4.0.0;21;0;N
A. c. venustissimus;Floreana;South Coast I;South Coast I;FSCI01-1_153.jpg;72340843;20600;T0;question_reducer;4.0.0;0;21;Y
A. c. venustissimus;Floreana;South Coast I;South Coast I;FSCI01-1_180.jpg;72340880;20600;T0;question_reducer;4.0.0;21;0;N
A. c. venustissimus;Floreana;South Coast I;South Coast I;FSCI01-1_201.jpg;72340891;20600;T0;question_reducer;4.0.0;3;19;Y
A. c. venustissimus;Floreana;South Coast A;South Coast A;FSCA05-2_121.jpg;72340901;20600;T0;question_reducer;4.0.0;21;0;N
A. c. venustissimus;Floreana;South Coast A;South Coast A;FSCA05-2_122.jpg;72340903;20600;T0;question_reducer;4.0.0;21;0;N
A. c. venustissimus;Floreana;South Coast I;South Coast I;FSCI01-1_232.jpg;72340918;20600;T0;question_reducer;4.0.0;1;20;Y
A. c. venustissimus;Floreana;South Coast I;South Coast I;FSCI01-1_260.jpg;72340928;20600;T0;question_reducer;4.0.0;21;0;N
A. c. venustissimus;Floreana;South Coast I;South Coast I;FSCI01-1_45.jpg;72340956;20600;T0;question_reducer;4.0.0;21;0;N
A. c. venustissimus;Floreana;South Coast I;South Coast I;FSCI01-1_48.jpg;72340963;20600;T0;question_reducer;4.0.0;22;0;N
A. c. venustissimus;Floreana;South Coast A;South Coast A;FSCA05-2_208.jpg;72340970;20600;T0;question_reducer;4.0.0;21;1;N
A. c. venustissimus;Floreana;South Coast I;South Coast I;FSCI01-1_64.jpg;72340987;20600;T0;question_reducer;4.0.0;21;0;N
A. c. venustissimus;Floreana;South Coast I;South Coast I;FSCI01-1_69.jpg;72340992;20600;T0;question_reducer;4.0.0;21;0;N
A. c. venustissimus;Floreana;South Coast I;South Coast I;FSCI01-1_70.jpg;72340994;20600;T0;question_reducer;4.0.0;21;1;N
A. c. venustissimus;Floreana;South Coast I;South Coast I;FSCI01-1_71.jpg;72340996;20600;T0;question_reducer;4.0.0;21;1;N
A. c. venustissimus;Floreana;South Coast A;South Coast A;FSCA05-2_35.jpg;72340997;20600;T0;question_reducer;4.0.0;21;0;N
A. c. venustissimus;Floreana;South Coast I;South Coast I;FSCI01-1_72.jpg;72340998;20600;T0;question_reducer;4.0.0;22;0;N
A. c. venustissimus;Floreana;South Coast A;South Coast A;FSCA05-2_46.jpg;72341008;20600;T0;question_reducer;4.0.0;20;1;N
A. c. venustissimus;Floreana;South Coast I;South Coast I;FSCI01-1_84.jpg;72341020;20600;T0;question_reducer;4.0.0;21;0;N
A. c. venustissimus;Floreana;South Coast I;South Coast I;FSCI01-1_88.jpg;72341027;20600;T0;question_reducer;4.0.0;19;1;N
A. c. venustissimus;Floreana;South Coast I;South Coast I;FSCI01-1_90.jpg;72341031;20600;T0;question_reducer;4.0.0;21;0;N
A. c. venustissimus;Floreana;South Coast A;South Coast A;FSCA05-2_65.jpg;72341036;20600;T0;question_reducer;4.0.0;21;1;N
A. c. venustissimus;Floreana;South Coast I;South Coast I;FSCI01-2_172.jpg;72341069;20600;T0;question_reducer;4.0.0;20;1;N
A. c. venustissimus;Floreana;South Coast I;South Coast I;FSCI01-2_254.jpg;72341083;20600;T0;question_reducer;4.0.0;21;0;N
A. c. venustissimus;Floreana;South Coast I;South Coast I;FSCI01-2_286.jpg;72341093;20600;T0;question_reducer;4.0.0;6;15;Y
A. c. venustissimus;Floreana;South Coast I;South Coast I;FSCI01-2_344.jpg;72341106;20600;T0;question_reducer;4.0.0;21;0;N
A. c. venustissimus;Floreana;South Coast I;South Coast I;FSCI01-2_396.jpg;72341112;20600;T0;question_reducer;4.0.0;5;17;Y
A. c. venustissimus;Floreana;South Coast I;South Coast I;FSCI01-2_430.jpg;72341123;20600;T0;question_reducer;4.0.0;22;0;N
A. c. venustissimus;Floreana;South Coast I;South Coast I;FSCI01-2_457.jpg;72341128;20600;T0;question_reducer;4.0.0;0;21;Y
A. c. venustissimus;Floreana;South Coast I;South Coast I;FSCI01-2_458.jpg;72341129;20600;T0;question_reducer;4.0.0;21;0;N
A. c. venustissimus;Floreana;South Coast I;South Coast I;FSCI01-2_490.jpg;72341140;20600;T0;question_reducer;4.0.0;19;2;N
A. c. venustissimus;Floreana;South Coast I;South Coast I;FSCI01-2_511.jpg;72341155;20600;T0;question_reducer;4.0.0;21;0;N
A. c. venustissimus;Floreana;South Coast I;South Coast I;FSCI01-2_522.jpg;72341166;20600;T0;question_reducer;4.0.0;5;16;Y
A. c. venustissimus;Floreana;South Coast I;South Coast I;FSCI01-2_528.jpg;72341172;20600;T0;question_reducer;4.0.0;22;0;N
A. c. venustissimus;Floreana;South Coast I;South Coast I;FSCI01-2_531.jpg;72341175;20600;T0;question_reducer;4.0.0;22;0;N
A. c. venustissimus;Floreana;South Coast I;South Coast I;FSCI01-2_542.jpg;72341179;20600;T0;question_reducer;4.0.0;7;14;Y
A. c. venustissimus;Floreana;South Coast I;South Coast I;FSCI01-2_559.jpg;72341196;20600;T0;question_reducer;4.0.0;7;13;Y
A. c. venustissimus;Floreana;South Coast I;South Coast I;FSCI01-2_585.jpg;72341216;20600;T0;question_reducer;4.0.0;7;15;Y
A. c. venustissimus;Floreana;South Coast I;South Coast I;FSCI01-2_613.jpg;72341230;20600;T0;question_reducer;4.0.0;21;0;N
A. c. venustissimus;Floreana;South Coast I;South Coast I;FSCI01-2_85.jpg;72341231;20600;T0;question_reducer;4.0.0;21;0;N
A. c. venustissimus;Floreana;South Coast J;South Coast J;FSCJ01_100.jpg;72341236;20600;T0;question_reducer;4.0.0;0;21;Y
A. c. venustissimus;Floreana;South Coast J;South Coast J;FSCJ01_102.jpg;72341238;20600;T0;question_reducer;4.0.0;21;0;N
A. c. venustissimus;Floreana;South Coast J;South Coast J;FSCJ01_107.jpg;72341243;20600;T0;question_reducer;4.0.0;21;0;N
A. c. venustissimus;Floreana;South Coast J;South Coast J;FSCJ01_140.jpg;72341273;20600;T0;question_reducer;4.0.0;9;12;Y
A. c. venustissimus;Floreana;South Coast J;South Coast J;FSCJ01_205.jpg;72341302;20600;T0;question_reducer;4.0.0;0;19;Y
A. c. venustissimus;Floreana;South Coast J;South Coast J;FSCJ01_206.jpg;72341303;20600;T0;question_reducer;4.0.0;9;14;Y
A. c. venustissimus;Floreana;South Coast J;South Coast J;FSCJ01_230.jpg;72341308;20600;T0;question_reducer;4.0.0;21;0;N
A. c. venustissimus;Floreana;South Coast J;South Coast J;FSCJ01_53.jpg;72341328;20600;T0;question_reducer;4.0.0;21;0;N
A. c. venustissimus;Floreana;South Coast J;South Coast J;FSCJ01_76.jpg;72341347;20600;T0;question_reducer;4.0.0;22;0;N
A. c. venustissimus;Floreana;South Coast J;South Coast J;FSCJ01_87.jpg;72341358;20600;T0;question_reducer;4.0.0;21;0;N
A. c. venustissimus;Floreana;South Coast J;South Coast J;FSCJ02-1_109.jpg;72341374;20600;T0;question_reducer;4.0.0;21;0;N
A. c. venustissimus;Floreana;South Coast J;South Coast J;FSCJ02-1_119.jpg;72341381;20600;T0;question_reducer;4.0.0;20;1;N
A. c. venustissimus;Floreana;South Coast J;South Coast J;FSCJ02-1_127.jpg;72341387;20600;T0;question_reducer;4.0.0;20;1;N
A. c. venustissimus;Floreana;South Coast J;South Coast J;FSCJ02-1_146.jpg;72341400;20600;T0;question_reducer;4.0.0;21;0;N
A. c. venustissimus;Floreana;South Coast J;South Coast J;FSCJ02-1_147.jpg;72341401;20600;T0;question_reducer;4.0.0;21;0;N
A. c. venustissimus;Floreana;South Coast J;South Coast J;FSCJ02-1_15.jpg;72341404;20600;T0;question_reducer;4.0.0;20;1;N
A. c. venustissimus;Floreana;South Coast J;South Coast J;FSCJ02-1_155.jpg;72341406;20600;T0;question_reducer;4.0.0;2;20;Y
A. c. venustissimus;Floreana;South Coast J;South Coast J;FSCJ02-1_156.jpg;72341407;20600;T0;question_reducer;4.0.0;0;22;Y
A. c. venustissimus;Floreana;South Coast J;South Coast J;FSCJ02-1_25.jpg;72341422;20600;T0;question_reducer;4.0.0;21;0;N
A. c. venustissimus;Floreana;South Coast J;South Coast J;FSCJ02-1_34.jpg;72341427;20600;T0;question_reducer;4.0.0;0;20;Y
A. c. venustissimus;Floreana;South Coast J;South Coast J;FSCJ02-1_37.jpg;72341430;20600;T0;question_reducer;4.0.0;20;1;N
A. c. venustissimus;Floreana;South Coast J;South Coast J;FSCJ02-1_43.jpg;72341431;20600;T0;question_reducer;4.0.0;14;7;Y
A. c. venustissimus;Floreana;South Coast J;South Coast J;FSCJ02-1_45.jpg;72341433;20600;T0;question_reducer;4.0.0;21;1;N
A. c. venustissimus;Floreana;South Coast J;South Coast J;FSCJ02-1_83.jpg;72341453;20600;T0;question_reducer;4.0.0;0;22;Y
A. c. venustissimus;Floreana;South Coast J;South Coast J;FSCJ02-2_04.jpg;72341468;20600;T0;question_reducer;4.0.0;21;0;N
A. c. venustissimus;Floreana;South Coast J;South Coast J;FSCJ02-2_05.jpg;72341469;20600;T0;question_reducer;4.0.0;21;1;N
A. c. venustissimus;Floreana;South Coast J;South Coast J;FSCJ02-2_127.jpg;72341485;20600;T0;question_reducer;4.0.0;21;0;N
A. c. venustissimus;Floreana;South Coast J;South Coast J;FSCJ02-2_146.jpg;72341497;20600;T0;question_reducer;4.0.0;20;1;N
A. c. venustissimus;Floreana;South Coast J;South Coast J;FSCJ02-2_183.jpg;72341525;20600;T0;question_reducer;4.0.0;21;0;N
A. c. venustissimus;Floreana;South Coast J;South Coast J;FSCJ02-2_185.jpg;72341527;20600;T0;question_reducer;4.0.0;23;0;N
A. c. venustissimus;Floreana;South Coast J;South Coast J;FSCJ02-2_208.jpg;72341545;20600;T0;question_reducer;4.0.0;3;18;Y
A. c. venustissimus;Floreana;South Coast J;South Coast J;FSCJ02-2_220.jpg;72341559;20600;T0;question_reducer;4.0.0;0;21;Y
A. c. venustissimus;Floreana;South Coast J;South Coast J;FSCJ02-2_233.jpg;72341570;20600;T0;question_reducer;4.0.0;9;12;Y
A. c. venustissimus;Floreana;South Coast J;South Coast J;FSCJ02-2_243.jpg;72341576;20600;T0;question_reducer;4.0.0;6;15;Y
A. c. venustissimus;Floreana;South Coast J;South Coast J;FSCJ02-2_251.jpg;72341585;20600;T0;question_reducer;4.0.0;21;0;Y
A. c. venustissimus;Floreana;South Coast J;South Coast J;FSCJ02-2_269.jpg;72341593;20600;T0;question_reducer;4.0.0;3;19;Y
A. c. venustissimus;Floreana;South Coast J;South Coast J;FSCJ02-2_59.jpg;72341609;20600;T0;question_reducer;4.0.0;22;0;N
A. c. venustissimus;Floreana;South Coast J;South Coast J;FSCJ02-2_93.jpg;72341627;20600;T0;question_reducer;4.0.0;0;21;Y
A. c. venustissimus;Espa–ola;South Coast G;South Coast G;ESCG01_105.jpg;72372992;20600;T0;question_reducer;4.0.0;5;16;Y
A. c. venustissimus;Espa–ola;South Coast G;South Coast G;ESCG01_108.jpg;72372997;20600;T0;question_reducer;4.0.0;0;21;Y
A. c. venustissimus;Espa–ola;South Coast G;South Coast G;ESCG01_127.jpg;72373023;20600;T0;question_reducer;4.0.0;22;0;N
A. c. venustissimus;Espa–ola;South Coast G;South Coast G;ESCG01_128.jpg;72373025;20600;T0;question_reducer;4.0.0;7;14;Y
A. c. venustissimus;Espa–ola;South Coast G;South Coast G;ESCG01_129.jpg;72373027;20600;T0;question_reducer;4.0.0;8;13;Y
A. c. venustissimus;Espa–ola;South Coast G;South Coast G;ESCG01_140.jpg;72373039;20600;T0;question_reducer;4.0.0;19;2;N
A. c. venustissimus;Espa–ola;South Coast G;South Coast G;ESCG01_143.jpg;72373044;20600;T0;question_reducer;4.0.0;12;9;Y
A. c. venustissimus;Espa–ola;South Coast G;South Coast G;ESCG01_146.jpg;72373049;20600;T0;question_reducer;4.0.0;0;21;Y
A. c. venustissimus;Espa–ola;South Coast G;South Coast G;ESCG01_148.jpg;72373053;20600;T0;question_reducer;4.0.0;18;3;Y
A. c. venustissimus;Espa–ola;South Coast G;South Coast G;ESCG01_150.jpg;72373056;20600;T0;question_reducer;4.0.0;6;15;Y
A. c. venustissimus;Espa–ola;South Coast G;South Coast G;ESCG01_160.jpg;72373074;20600;T0;question_reducer;4.0.0;14;8;Y
A. c. venustissimus;Espa–ola;South Coast G;South Coast G;ESCG01_172.jpg;72373086;20600;T0;question_reducer;4.0.0;1;21;Y
A. c. venustissimus;Espa–ola;South Coast G;South Coast G;ESCG01_184.jpg;72373097;20600;T0;question_reducer;4.0.0;14;7;Y
A. c. venustissimus;Espa–ola;South Coast G;South Coast G;ESCG01_202.jpg;72373120;20600;T0;question_reducer;4.0.0;7;14;Y
A. c. venustissimus;Espa–ola;South Coast G;South Coast G;ESCG01_214.jpg;72373126;20600;T0;question_reducer;4.0.0;0;22;Y
A. c. venustissimus;Espa–ola;South Coast G;South Coast G;ESCG01_232.jpg;72373144;20600;T0;question_reducer;4.0.0;20;1;N
A. c. venustissimus;Espa–ola;South Coast G;South Coast G;ESCG01_247.jpg;72373151;20600;T0;question_reducer;4.0.0;22;0;N
A. c. venustissimus;Espa–ola;South Coast G;South Coast G;ESCG01_248.jpg;72373152;20600;T0;question_reducer;4.0.0;7;15;Y
A. c. venustissimus;Espa–ola;South Coast G;South Coast G;ESCG01_255.jpg;72373154;20600;T0;question_reducer;4.0.0;21;1;N
A. c. venustissimus;Espa–ola;South Coast G;South Coast G;ESCG01_260.jpg;72373161;20600;T0;question_reducer;4.0.0;6;15;Y
A. c. venustissimus;Espa–ola;South Coast G;South Coast G;ESCG01_261.jpg;72373163;20600;T0;question_reducer;4.0.0;11;11;Y
A. c. venustissimus;Espa–ola;South Coast G;South Coast G;ESCG01_31.jpg;72373186;20600;T0;question_reducer;4.0.0;3;18;Y
A. c. venustissimus;Espa–ola;South Coast G;South Coast G;ESCG01_321.jpg;72373188;20600;T0;question_reducer;4.0.0;21;0;N
A. c. venustissimus;Espa–ola;South Coast G;South Coast G;ESCG01_75.jpg;72373213;20600;T0;question_reducer;4.0.0;22;0;N
A. c. venustissimus;Espa–ola;South Coast G;South Coast G;ESCG01_79.jpg;72373219;20600;T0;question_reducer;4.0.0;20;0;N
A. c. venustissimus;Espa–ola;South Coast G;South Coast G;ESCG01_99.jpg;72373226;20600;T0;question_reducer;4.0.0;5;18;Y
A. c. venustissimus;Espa–ola;South Coast G;South Coast G;ESCG02-1_13.jpg;72373241;20600;T0;question_reducer;4.0.0;1;19;Y
A. c. venustissimus;Espa–ola;South Coast G;South Coast G;ESCG02-1_19.jpg;72373250;20600;T0;question_reducer;4.0.0;0;20;Y
A. c. venustissimus;Espa–ola;South Coast G;South Coast G;ESCG02-1_26.jpg;72373260;20600;T0;question_reducer;4.0.0;1;20;Y
A. c. venustissimus;Espa–ola;South Coast G;South Coast G;ESCG02-1_39.jpg;72373278;20600;T0;question_reducer;4.0.0;22;0;N
A. c. venustissimus;Espa–ola;South Coast G;South Coast G;ESCG02-2_08.jpg;72373284;20600;T0;question_reducer;4.0.0;22;0;N
A. c. venustissimus;Espa–ola;South Coast G;South Coast G;ESCG02-2_20.jpg;72373289;20600;T0;question_reducer;4.0.0;16;6;Y
A. c. venustissimus;Espa–ola;South Coast G;South Coast G;ESCG02-2_32.jpg;72373305;20600;T0;question_reducer;4.0.0;19;2;N
A. c. venustissimus;Espa–ola;South Coast G;South Coast G;ESCG02-2_38.jpg;72373315;20600;T0;question_reducer;4.0.0;5;17;Y
A. c. venustissimus;Espa–ola;South Coast G;South Coast G;ESCG02-2_42.jpg;72373321;20600;T0;question_reducer;4.0.0;2;20;Y
A. c. venustissimus;Espa–ola;South Coast G;South Coast G;ESCG02-2_53.jpg;72373336;20600;T0;question_reducer;4.0.0;4;18;Y
A. c. venustissimus;Espa–ola;South Coast G;South Coast G;ESCG02-2_57.jpg;72373342;20600;T0;question_reducer;4.0.0;19;2;N
A. c. venustissimus;Espa–ola;South Coast G;South Coast G;ESCG02-2_63.jpg;72373348;20600;T0;question_reducer;4.0.0;5;16;Y